epoch	elapsed_s	pid	interval_pcpu	total_cpu_s	rss_kb	nlwp
1778558763.263448	1.001	34491	1399.33	322.770000	1419332	17
1778558764.264803	2.003	34491	1403.10	336.820000	1419332	17
1778558765.266071	3.004	34491	1398.23	350.820000	1419332	17
1778558766.267386	4.005	34491	1398.16	364.820000	1419332	17
1778558767.268783	5.007	34491	1404.04	378.880000	1401512	17
1778558768.270130	6.008	34491	1397.12	392.870000	1401512	17
1778558769.270960	7.009	34491	1398.84	406.870000	1401512	17
1778558770.272260	8.010	34491	1404.17	420.930000	1401512	17
1778558771.273519	9.011	34491	1398.24	434.930000	1401512	17
1778558772.274814	10.013	34491	1398.19	448.930000	1401512	17
1778558773.276087	11.014	34491	1403.21	462.980000	1401512	17
1778558774.277355	12.015	34491	1399.22	476.990000	1401512	17
1778558775.278611	13.016	34491	1398.24	490.990000	1401512	17
1778558776.279793	14.018	34491	1403.34	505.040000	1401512	17
1778558777.281041	15.019	34491	1399.25	519.050000	1401512	17
1778558778.282317	16.020	34491	1397.22	533.040000	1401512	17
1778558779.283576	17.021	34491	1398.24	547.040000	1401512	17
1778558780.284913	18.023	34491	1404.12	561.100000	1401512	17
1778558781.286205	19.024	34491	1397.19	575.090000	1401512	17
1778558782.287498	20.025	34491	1399.19	589.100000	1401512	17
1778558783.287806	21.026	34491	1405.57	603.160000	1401512	17
1778558784.289098	22.027	34491	1398.19	617.160000	1401512	17
1778558785.290405	23.028	34491	1397.17	631.150000	1401512	17
1778558786.291701	24.029	34491	1403.18	645.200000	1401512	17
1778558787.292989	25.031	34491	1399.20	659.210000	1401512	17
1778558788.294282	26.032	34491	1398.19	673.210000	1401512	17
1778558789.295576	27.033	34491	1397.19	687.200000	1401512	17
1778558790.296878	28.035	34491	1405.17	701.270000	1401512	17
1778558791.298143	29.036	34491	1397.23	715.260000	1401512	17
1778558792.299400	30.037	34491	1398.24	729.260000	1401512	17
1778558793.300702	31.038	34491	1404.17	743.320000	1401512	17
1778558794.301472	32.039	34491	1398.92	757.320000	1401512	17
1778558795.301912	33.040	34491	1399.38	771.320000	1401512	17
1778558796.303183	34.041	34491	1397.22	785.310000	1401512	17
1778558797.304458	35.042	34491	1404.21	799.370000	1401512	17
1778558798.305740	36.043	34491	1398.21	813.370000	1401512	17
1778558799.306994	37.045	34491	1398.25	827.370000	1401512	17
1778558800.308269	38.046	34491	1404.21	841.430000	1401512	17
1778558801.309500	39.047	34491	1398.28	855.430000	1401512	17
1778558802.310729	40.048	34491	1398.28	869.430000	1401512	17
1778558803.311962	41.050	34491	1404.27	883.490000	1401512	17
1778558804.313225	42.051	34491	1397.24	897.480000	1401512	17
1778558805.314503	43.052	34491	1398.21	911.480000	1401512	17
1778558806.315745	44.053	34491	1403.26	925.530000	1401512	17
1778558807.317010	45.055	34491	1398.23	939.530000	1401512	17
1778558808.318283	46.056	34491	1398.22	953.530000	1401512	17
1778558809.319571	47.057	34491	1398.20	967.530000	1401512	17
1778558810.320887	48.059	34491	1404.15	981.590000	1401512	17
1778558811.322145	49.060	34491	1398.24	995.590000	1401512	17
1778558812.323437	50.061	34491	1398.19	1009.590000	1401512	17
1778558813.323809	51.062	34491	1405.48	1023.650000	1401512	17
1778558814.325076	52.063	34491	1398.23	1037.650000	1401512	17
1778558815.326330	53.064	34491	1398.25	1051.650000	1401512	17
1778558816.327607	54.065	34491	1398.21	1065.650000	1401512	17
1778558817.328911	55.067	34491	1404.17	1079.710000	1401512	17
1778558818.330142	56.068	34491	1398.28	1093.710000	1401512	17
1778558819.331397	57.069	34491	1397.25	1107.700000	1401512	17
1778558820.332666	58.070	34491	1404.22	1121.760000	1401512	17
1778558821.333920	59.072	34491	1398.25	1135.760000	1401512	17
1778558822.335200	60.073	34491	1398.21	1149.760000	1401512	17
1778558823.335798	61.074	34491	1405.16	1163.820000	1401512	17
1778558824.337044	62.075	34491	1398.26	1177.820000	1401512	17
1778558825.338287	63.076	34491	1398.26	1191.820000	1401512	17
1778558826.339568	64.077	34491	1139.54	1203.230000	1401512	17
1778558827.340975	65.079	34491	99.86	1204.230000	1412620	17
1778558828.342256	66.080	34491	99.87	1205.230000	1413164	17
1778558829.343515	67.081	34491	100.87	1206.240000	1413272	17
1778558830.344868	68.083	34491	99.86	1207.240000	1413480	17
1778558831.346151	69.084	34491	99.87	1208.240000	1422548	17
1778558832.347447	70.085	34491	981.73	1218.070000	1480468	44
1778558833.347816	71.086	34491	1788.34	1235.960000	1501852	44
1778558834.349141	72.087	34491	1780.64	1253.790000	1514260	44
1778558835.350454	73.088	34491	1776.67	1271.580000	1528004	44
1778558836.351737	74.089	34491	1881.59	1290.420000	1528004	44
1778558837.353053	75.091	34491	1831.59	1308.760000	1528004	44
1778558838.354361	76.092	34491	1877.54	1327.560000	1528004	44
1778558839.355656	77.093	34491	2032.37	1347.910000	1528004	44
1778558840.356989	78.095	34491	1875.50	1366.690000	1528004	44
1778558841.358248	79.096	34491	1856.66	1385.280000	1528004	44
1778558842.359583	80.097	34491	1941.41	1404.720000	1528004	44
1778558843.360915	81.099	34491	1947.41	1424.220000	1528004	44
1778558844.362230	82.100	34491	1989.38	1444.140000	1528004	44
1778558845.363514	83.101	34491	1977.46	1463.940000	1528004	44
1778558846.364856	84.103	34491	1045.60	1474.410000	1443064	44
